{
  "status": "ok",
  "totalResults": 600,
  "articles": [
    {
      "source": {
        "id": "news24",
        "name": "News24"
      },
      "author": "Lisalee Solomons",
      "title": "UCT staff paid after 'technical glitches' delayed salaries",
      "description": "Staff members at the University of Cape Town did not received their salaries as planned on Friday morning, however, by the afternoon UCT confirmed payments had since been made.",
      "url": "https://www.news24.com/news24/southafrica/news/uct-staff-paid-after-technical-glitches-delayed-salaries-20231124",
      "urlToImage": "https://cdn.24.co.za/files/Cms/General/d/8506/57b497a6eddb47808c3ecf83f50a069a.jpeg",
      "publishedAt": "2023-11-24T16:36:11",
      "content": "<ul><li>UCT staff members have been paid their November salaries after a system glitch led to delayed payments on Friday morning. </li><li>The university said that by Friday afternoon staff had been … [+2171 chars]"
    },
    {
      "source": {
        "id": "news24",
        "name": "News24"
      },
      "author": "Jennifer Zabasajja and Antony Sguazzin",
      "title": "SA's shift from coal won't worsen debt burden and puts justice first, says Creecy",
      "description": "The Just Energy Transition Investment Plan was approved by the government this week after months of delays.",
      "url": "https://www.news24.com/fin24/climate_future/news/sas-shift-from-coal-wont-worsen-debt-burden-and-puts-justice-first-says-creecy-20231124",
      "urlToImage": "https://cdn.24.co.za/files/Cms/General/d/1682/e2d5442ebe5040e39a0d51ce10c00951.jpg",
      "publishedAt": "2023-11-24T16:35:28",
      "content": "<ul><li>South Africa's Just Energy Transition Investment Plan was approved by the government.</li><li>The climate finance will be directed to transition projects in Mpumalanga, where most coal-fired … [+3501 chars]"
    },
    {
      "source": {
        "id": "news24",
        "name": "News24"
      },
      "author": "Heinz Schenk",
      "title": "Erudite Jake shrugs off Marcell Coetzee's Bulls ban: 'They've got to back the referee'",
      "description": "Bulls mentor Jake White is philosophical about influential skipper Marcell Coetzee's three-match suspension for a high tackle, believing the intricacies of the modern refereeing system made a successful hearing challenge impossible.",
      "url": "https://www.news24.com/sport/rugby/unitedrugbychampionship/erudite-jake-shrugs-off-marcell-coetzees-bulls-ban-theyve-got-to-back-the-referee-20231124",
      "urlToImage": "https://cdn.24.co.za/files/Cms/General/d/9956/4208c1d7db6642d1bc351dbb708c7c28.jpg",
      "publishedAt": "2023-11-24T16:21:04",
      "content": "It's unlikely a grizzled rugby man like Jake White will ever sound defeatist, but the Bulls director of rugby is distinctly philosophical (in his own unique manner) about being without seasoned skipp… [+370 chars]"
    },
    {
      "source": {
        "id": "news24",
        "name": "News24"
      },
      "author": "Phumi Ramalepe",
      "title": "Hackers demand R1.1bn ransom from TransUnion and Experian - threaten to leak personal data of South Africans",
      "description": "TransUnion and Experian are facing threats from hackers known as N4ughtySecTU, claiming that they have penetrated both agencies' systems and obtained sensitive financial and personal data of South Africans.",
      "url": "https://www.news24.com/news24/tech-and-trends/news/hackers-demand-r11bn-ransom-from-transunion-and-experian-threaten-to-leak-personal-data-of-south-africans-20231124",
      "urlToImage": "https://cdn.24.co.za/files/Cms/General/d/9957/2e16ad8f2c244c0a9f0002226ec9b857.jpg",
      "publishedAt": "2023-11-24T16:14:51",
      "content": "<ul><li>TransUnion and Experian, two major South African credit bureaus, are being targeted by hacking group N4ughtySecTU, claiming they have access to personal information of South Africans. </li><l… [+2395 chars]"
    },
    {
      "source": {
        "id": "news24",
        "name": "News24"
      },
      "author": "Kaveel Singh",
      "title": "Zandile Gumede trial: ‘I was not envious’, says witness testifying against colleague of over 10 years",
      "description": "The senior official was pressed about his relationship with accused Robert Abbu, the former head of special projects in eThekwini and his colleague of over a decade.",
      "url": "https://www.news24.com/news24/southafrica/news/zandile-gumede-trial-i-was-not-envious-says-witness-testifying-against-colleague-of-over-10-years-20231124",
      "urlToImage": "https://cdn.24.co.za/files/Cms/General/d/3874/1dedd6ffaba54e10b8ab41eb464794d9.jpg",
      "publishedAt": "2023-11-24T16:01:38",
      "content": "One of the main witnesses in the Zandile Gumede trial spoke about his emotions and feelings toward one of the accused, his former subordinate and work colleague of over a decade.\r\nThe former senior o… [+304 chars]"
    },
    {
      "source": {
        "id": "news24",
        "name": "News24"
      },
      "author": "Zintle Mahlati",
      "title": "ANC ordered to pay KZN company R102 million after three years of dodging",
      "description": "The ANC has again failed to convince the court that it is not liable for a R102 million debt owed to a KwaZulu-Natal branding company for its 2019 general election campaign materials.",
      "url": "https://www.news24.com/news24/politics/political-parties/anc-ordered-to-pay-kzn-company-r102-million-after-three-years-of-dodging-20231124",
      "urlToImage": "https://cdn.24.co.za/files/Cms/General/d/10484/af60d9ae35154e5d8dfb1b1f91c328a5.jpg",
      "publishedAt": "2023-11-24T15:31:36",
      "content": "<ul><li>The ANC has lost another appeal application against KwaZulu-Natal branding company Ezulweni Investments in a R102 million lawsuit. </li><li>Ezulweni successfully proved in the Gauteng High Co… [+4087 chars]"
    },
    {
      "source": {
        "id": "t3n",
        "name": "T3n"
      },
      "author": null,
      "title": "Apple Watch: Diese 20 Apps müsst ihr kennen",
      "description": "Endlich stolzer Besitzer einer Apple Watch?",
      "url": "https://t3n.de/news/apple-watch-apps-2023-1591741/",
      "urlToImage": "https://t3n.de/news/wp-content/uploads/2023/11/apple-watch-apps-2023.jpg",
      "publishedAt": "2023-11-24T14:58:08Z",
      "content": "Mit der Apple Watch SE, der Apple Watch Series 9 und Apple Watch Ultra 2 bietet der Computerkonzern aus Cupertino derzeit drei Varianten seiner Smartwatch an. Während die Apple Watch Ultra 2 mit ihre… [+10105 chars]"
    },
    {
      "source": {
        "id": "bbc-sport",
        "name": "BBC Sport"
      },
      "author": null,
      "title": "Man City case different to Everton's - Guardiola",
      "description": "Pep Guardiola insists the 115 Premier League financial charges against Manchester City and Everton's points deduction are \"completely different\" cases and cannot be compared.",
      "url": "http://www.bbc.co.uk/sport/football/67521854",
      "urlToImage": "https://ichef.bbci.co.uk/live-experience/cps/624/cpsprodpb/083F/production/_131811120_pep.png",
      "publishedAt": "2023-11-24T14:52:22.7042668Z",
      "content": "Guardiola wants Premier League financial charges resolved 'as soon as possible'\r\nPep Guardiola insists the 115 Premier League financial charges facing Manchester City and Everton's points deduction a… [+1817 chars]"
    },
    {
      "source": {
        "id": "bild",
        "name": "Bild"
      },
      "author": "Eileen Krämer",
      "title": "Thanksgiving: Bruce Willis umgeben von der Liebe seiner Familie | Unterhaltung",
      "description": "Thanksgiving ist DER Feiertag in den USA und Hollywood-Stars verbringen den natürlich ganz besonders. Wer wo und mit wem feierte.",
      "url": "https://www.bild.de/unterhaltung/leute/leute/thanksgiving-fuer-bruce-willis-heidi-taylor-co-gabs-viel-liebe-86205448.bild.html",
      "urlToImage": "https://images.bild.de/65606ee3a98a374f3d4986e0/64b25f1a97de4dfdb2ca0b6e53619959,c4989d2a?w=1280",
      "publishedAt": "2023-11-24T14:50:51Z",
      "content": "Thanksgiving ist das Vorweihnachten der USA!\r\nErntedankfest in Deutschland? DAS feiert eigentlich keiner. Umso größer ist das Fest in den Vereinigten Staaten, das jeweils am vierten Donnerstag im Nov… [+6342 chars]"
    },
    {
      "source": {
        "id": "bild",
        "name": "Bild"
      },
      "author": "ANDRÉ SCHMIDT",
      "title": "Bundesliga völlig verrückt: Kein Tor, weil ihm der Ball an der Hand kleben blieb | Sport",
      "description": "Er hatte einen Durchhänger – und wird nun immer stärker. Leipzigs Franz Semper (26) knallte gegen den BHC neun Tore rein –mit einem klebrigen Geheimnis.",
      "url": "https://www.bild.de/sport/mehr-sport/handball/leipzig-star-verraet-kein-tor-weil-der-ball-an-der-hand-kleben-blieb-86206918.bild.html",
      "urlToImage": "https://images.bild.de/65608175cb3c736e57a1012c/c710235bb8c0f7cb68646d5f9c481861-landscape,b06e0ced?w=1280",
      "publishedAt": "2023-11-24T14:50:38Z",
      "content": "Er hatte einen Durchhänger und wird nun immer stärker.\r\nFranz Semper (26), Handball-Profi beim SC DHfK Leipzig, knallte beim 31:31 gegen den Bergischen HC neun Tore ins Netz. Acht Treffer waren es be… [+1051 chars]"
    },
    {
      "source": {
        "id": "bild",
        "name": "Bild"
      },
      "author": "Michael Ulbrich",
      "title": "Schönster Sieg der Saison: Gläubiger stimmen für Ende der Erfurt-Insolvenz | Sport",
      "description": "Es ist geschafft! Die Insolvenz von Rot-Weiß Erfurt steht kurz vor dem Abschluss. Am Freitagmorgen stimmten die Gläubiger des Vereins dem Insolvenzplan zu.",
      "url": "https://www.bild.de/sport/fussball/fussball/aufatmen-in-erfurt-glaeubiger-stimmen-fuer-ende-der-rwe-insolvenz-86204516.bild.html",
      "urlToImage": "https://images.bild.de/65605f6d7ee3d554c0d0c2ac/9200e045277afec979acf4471f49c2f4,306b5c0f?w=1280",
      "publishedAt": "2023-11-24T14:50:34Z",
      "content": "Auf diese Worte haben die Fans von Rot-Weiß Erfurt fünf Jahre, fünf Monate und 24 Tage warten müssen: Der Verein ist aus der Insolvenz entlassen, erklärte der Insolvenzverwalter Olaf Spiekermann am F… [+1379 chars]"
    },
    {
      "source": {
        "id": "bild",
        "name": "Bild"
      },
      "author": "Janek Könau",
      "title": "Thüringen: Taxifahrer rettet Rentnerinnen vor Trickbetrügern | Regional",
      "description": "Bad Lobenstein (Thüringen) – Taxifahrer Kevin Franz bewahrte eine Rentnerin vor einem Betrüger, der sie mit einem Schockanruf reinlegte. Nicht das erste Mal ...",
      "url": "https://www.bild.de/regional/thueringen/thueringen-aktuell/thueringen-taxifahrer-rettet-rentnerinnen-vor-trickbetruegern-86196130.bild.html",
      "urlToImage": "https://images.bild.de/655f4b0f13d3801ad6b5b646/9bae6612242afb79612cd7abe78b46e6,f93791a2?w=1280",
      "publishedAt": "2023-11-24T14:50:19Z",
      "content": "Bad Lobenstein (Thüringen) Durch sein Eingreifen bewahrte Taxifahrer Kevin Franz (37) eine Rentnerin (96) vor einem teuren Fehler. Die Seniorin fiel auf die Masche eines Trickbetrügers rein. Doch die… [+1709 chars]"
    },
    {
      "source": {
        "id": "bild",
        "name": "Bild"
      },
      "author": "ANDREAS WEGENER",
      "title": "Afghane in Essen verletzt: Wer kennt die Messerstecher? | Regional",
      "description": "Eine Mordkommission ermittelt nach dem brutalen Angriff und sucht mit Fotos aus der Überwachungskamera Zeugen.",
      "url": "https://www.bild.de/regional/ruhrgebiet/ruhrgebiet-aktuell/afghane-in-essen-verletzt-wer-kennt-die-messerstecher-86207010.bild.html",
      "urlToImage": "https://images.bild.de/656080abcb3c736e57a10128/24f926c3bae550e970906dc778326041,8be91c9b?w=1280",
      "publishedAt": "2023-11-24T14:49:19Z",
      "content": "Essen (NRW) Wer kennt die Messerstecher und ihre hübschen Begleiterinnen?\r\nNach einem versuchten Tötungsdelikt vor dem Einkaufzentrum Limbecker Platz hat die Kriminalpolizei Essen jetzt Bilder aus de… [+1570 chars]"
    },
    {
      "source": {
        "id": "news24",
        "name": "News24"
      },
      "author": "Jason Felix",
      "title": "SA's water crisis the next political football, as parties debate who can best fix the problem",
      "description": "South Africa's scarce water resources looks set to become the next political football for parties ahead of the general election next year.",
      "url": "https://www.news24.com/news24/politics/parliament/sas-water-crisis-the-next-political-football-as-parties-debate-who-can-best-fix-the-problem-20231124",
      "urlToImage": "https://cdn.24.co.za/files/Cms/General/d/3680/5d513be73149402cae30a674aae17742.jpg",
      "publishedAt": "2023-11-24T14:47:11",
      "content": "<ul><li>Political parties in Parliament have bemoaned South Africa's water crisis.</li><li>But they also used the crisis as an electioneering tool to get South Africans vote for them in next year's e… [+4040 chars]"
    },
    {
      "source": {
        "id": "cbs-news",
        "name": "CBS News"
      },
      "author": "CBS New York Team",
      "title": "American Dream mall reopens after Black Friday bomb threat in East Rutherford, New Jersey",
      "description": "People in the area received emergency alerts on their phones saying to use the nearest exits and to avoid elevators.",
      "url": "https://www.cbsnews.com/newyork/news/american-dream-mall-being-evacuated-on-black-friday-in-east-rutherford-new-jersey/",
      "urlToImage": "https://assets1.cbsnewsstatic.com/hub/i/r/2023/11/24/bb7cd80c-71f3-4380-aab5-ba2aef624400/thumbnail/1200x630/e6df8bfb97b39fbca07ff0cd57866363/chopper-9-am-1124-hi-res-still.jpg?v=5659e73acd91751548aa89950cf015b0",
      "publishedAt": "2023-11-24T14:47:00+00:00",
      "content": "American Dream mall evacuated due to Black Friday bomb threat \r\nAmerican Dream mall evacuated due to Black Friday bomb threat00:58\r\nEAST RUTHERFORD, N.J. -- The American Dream mall in East Rutherford… [+1060 chars]"
    },
    {
      "source": {
        "id": "bild",
        "name": "Bild"
      },
      "author": "BILD",
      "title": "Deutsche Bahn: GDL kündigt neuen Streik an – Termin noch offen | Politik",
      "description": "Die GDL will erneut die Deutsche Bahn bestreiken. Ein Termin steht noch nicht fest.",
      "url": "https://www.bild.de/politik/inland/news/deutsche-bahn-gdl-droht-neuen-streik-an-termin-noch-offen-86207096.bild.html",
      "urlToImage": "https://images.bild.de/656083b1c8ccf45ab8f97b66/823275c1e359a1ef1f8e3b0358df48e8,30277867?w=1280",
      "publishedAt": "2023-11-24T14:45:23Z",
      "content": "Der Bahnsinn geht weiter! Wieder droht uns Chaos im Berufs- und Reiseverkehr!\r\nDie Gewerkschaft Deutscher Lokomotivführer (GDL) will erneut die \r\nDeutsche Bahn bestreiken. Grund sei das Scheitern der… [+2480 chars]"
    },
    {
      "source": {
        "id": "der-tagesspiegel",
        "name": "Der Tagesspiegel"
      },
      "author": "Sabine Rennefanz",
      "title": "Der familienpolitische Ehrgeiz erlahmt: Gehen bald noch weniger Väter in Elternzeit?",
      "description": "Die Ampel reformiert das Elterngeld auf so unnachvollziehbare Weise, dass sie am Ende das Gegenteil von dem erreichen dürfte, was beabsichtigt ist. Was wäre das für eine Schlappe!",
      "url": "https://www.tagesspiegel.de/meinung/der-familienpolitische-ehrgeiz-erlahmt-gehen-bald-noch-weniger-vater-in-elternzeit-10832860.html",
      "urlToImage": "https://www.tagesspiegel.de/images/sabinerennefanzonlinepng/alternates/BASE_16_9_W1400/sabinerennefanzonlinepng.png",
      "publishedAt": "2023-11-24T14:44:37+00:00",
      "content": "Es mag angesichts der großen Krisen wie ein Nebenaspekt erscheinen: Aber die Familienpolitik in Deutschland macht gerade einen mächtigen Rückschritt. Als 2007 das Elterngeld und die Vätermonate einge… [+259 chars]"
    },
    {
      "source": {
        "id": "bild",
        "name": "Bild"
      },
      "author": "Roman Unger und Ulrika Sickenberger",
      "title": "Abwehr-Star Tuta: Mit diesem Satz macht Toppmöller Eintracht heiß | Sport",
      "description": "Erst heftig kritisiert, jetzt wieder Stütze in Eintrachts Abwehr: Tuta im BILD-Interview.",
      "url": "https://www.bild.de/sport/fussball/eintracht-frankfurt/abwehr-star-tuta-mit-diesem-satz-macht-toppmoeller-eintracht-heiss-86207752.bild.html",
      "urlToImage": "https://images.bild.de/6560802b848647789f0751a4/03040f79698b219771e3df56c1fdbb87,2464d4c5?w=1280",
      "publishedAt": "2023-11-24T14:43:44Z",
      "content": "Letzte Saison heftig kritisiert, jetzt wieder Stütze in Eintrachts Abwehr: Tuta (24) hat sich zurückgekämpft. Im BILD-Interview spricht der Brasilianer offen über die schwierigste Phase seiner Karrie… [+6610 chars]"
    },
    {
      "source": {
        "id": "der-tagesspiegel",
        "name": "Der Tagesspiegel"
      },
      "author": "Max Mergenbaum, Carsten Werner, Kati Krause, Anja Wehler-Schöck, Tanja Buntrock, Lotte Buschenhagen, Lea Katharina Becker, Elisabeth Binder, Heike Jahberg, Felix Kiefer, Julia Bähr",
      "title": "Luxus im Alltag: Für diese 11 Dinge geben wir gerne mehr Geld aus",
      "description": "Für die eine ist es ein hervorragend ausgestattetes Fitnessstudio, für den anderen erlesenes Lakritz. Unsere Redakteure berichten, für welche alltäglichen Dinge sie bereit sehr mehr auszugeben.",
      "url": "https://www.tagesspiegel.de/wirtschaft/luxus-im-alltag-fur-diese-11-dinge-geben-wir-gerne-mehr-geld-aus-10829950.html",
      "urlToImage": null,
      "publishedAt": "2023-11-24T14:42:43+00:00",
      "content": "Einleitung\r\n1 Der teuerste Essig meines Lebens \r\nEine Flasche Balsamico-Essig kostet im Supermarkt etwa 2,50 Euro. Den habe ich jahrelang gekauft. Ich fand ihn okay, ein bisschen sauer vielleicht. Da… [+3084 chars]"
    },
    {
      "source": {
        "id": "bild",
        "name": "Bild"
      },
      "author": "Jonas Ortmann",
      "title": "BVB: Wie viel ist dieses Watzke-Machtwort noch wert? Es geht um Terzic und Kehl | Sport",
      "description": "Nach dem Heimspiel gegen Gladbach steht die Mitgliederversammlung an. Mit brisanter Frage.",
      "url": "https://www.bild.de/bild-plus/sport/fussball/borussia-dortmund/bvb-wie-viel-ist-dieses-watzke-machtwort-noch-wert-es-geht-um-terzic-und-kehl-86207812.bild.html",
      "urlToImage": "https://images.bild.de/65608d38cfec3c611096991b/703e1031c819dcb61d79baf2ce191ea8,c9fcab?w=1280",
      "publishedAt": "2023-11-24T14:42:28Z",
      "content": "Das bittere Dortmund-Déjà-vu!\r\nAm Sonntag steht nach dem Heimspiel gegen Gladbach (15.30 Uhr/Sky) die Mitgliederversammlung an. Wie im Vorjahr steigt sie mitten in der Herbst-Krise...\r\nErstmals wird … [+344 chars]"
    }
  ]
}